{
    "metadata":{
        "position":195,
        "version":3,
        "type":"BufferGeometry",
        "uv":195,
        "generator":"io_three",
        "normal":195
    },
    "data":{
        "index":{
            "itemSize":1,
            "type":"Uint16Array",
            "array":[0,1,2,3,4,5,6,7,8,9,10,11,12,13,14,15,16,17,18,19,20,21,22,23,24,25,26,27,28,29,30,31,32,33,34,35,36,37,38,39,40,41,42,43,44,45,46,47,48,49,50,51,52,53,54,55,56,57,58,59,60,61,62,63,64,65,66,67,68,69,70,71,72,73,74,75,76,77,78,79,80,81,82,83,84,85,86,87,88,89,90,91,92,93,94,95,96,97,98,99,100,101,102,103,104,105,106,107,108,109,110,111,112,113,114,115,116,117,118,119,120,121,122,123,124,125,126,127,128,129,130,131,132,133,134,135,136,137,138,139,140,141,142,143,144,145,146,147,148,149,150,151,152,153,154,155,156,157,158,158,114,116,159,160,161,162,163,164,165,166,167,168,169,170,171,172,173,174,175,176,177,178,179,180,181,182,183,184,185,186,187,188,189,190,191,192,193,194]
        },
        "attributes":{
            "position":{
                "itemSize":3,
                "type":"Float32Array",
                "array":[-0.0759796,-0.0766356,-0.691762,-0.0759796,1.61765,-0.0447245,0.0519187,-0.0766356,-0.679329,0.0519187,-0.0766356,-0.679329,-0.0759796,1.61765,-0.0447245,0.174902,-0.0766356,-0.642509,0.174902,-0.0766356,-0.642509,-0.0759796,1.61765,-0.0447245,0.288244,-0.0766356,-0.582716,0.288244,-0.0766356,-0.582716,-0.0759796,1.61765,-0.0447245,0.387589,-0.0766356,-0.502249,0.387589,-0.0766356,-0.502249,-0.0759796,1.61765,-0.0447245,0.469119,-0.0766356,-0.404199,0.469119,-0.0766356,-0.404199,-0.0759796,1.61765,-0.0447245,0.529702,-0.0766356,-0.292335,0.529702,-0.0766356,-0.292335,-0.0759796,1.61765,-0.0447245,0.567008,-0.0766355,-0.170955,0.567008,-0.0766355,-0.170955,0.251813,0.770505,-0.0447245,0.579605,-0.0766355,-0.0447245,0.251813,0.770505,-0.0447245,0.567008,-0.0766355,0.0815062,0.579605,-0.0766355,-0.0447245,0.567008,-0.0766355,0.0815062,-0.0759796,1.61765,-0.0447245,0.529702,-0.0766355,0.202886,0.529702,-0.0766355,0.202886,-0.0759796,1.61765,-0.0447245,0.469119,-0.0766355,0.31475,0.469119,-0.0766355,0.31475,0.155805,0.770505,0.184038,0.387589,-0.0766355,0.4128,0.155805,0.770505,0.184038,0.288244,-0.0766355,0.493267,0.387589,-0.0766355,0.4128,0.288244,-0.0766355,0.493267,-0.0759796,1.61765,-0.0447245,0.174902,-0.0766355,0.55306,0.174902,-0.0766355,0.55306,-0.0759796,1.61765,-0.0447245,0.0519185,-0.0766355,0.58988,0.0519185,-0.0766355,0.58988,-0.0759796,1.61765,-0.0447245,-0.0759798,-0.0766355,0.602313,-0.0759798,-0.0766355,0.602313,-0.0759796,1.61765,-0.0447245,-0.203878,-0.0766355,0.58988,-0.203878,-0.0766355,0.58988,-0.0759796,1.61765,-0.0447245,-0.326861,-0.0766355,0.55306,-0.326861,-0.0766355,0.55306,-0.0759796,1.61765,-0.0447245,-0.440203,-0.0766355,0.493267,-0.440203,-0.0766355,0.493267,-0.0759796,1.61765,-0.0447245,-0.539548,-0.0766355,0.4128,-0.539548,-0.0766355,0.4128,-0.0759796,1.61765,-0.0447245,-0.621079,-0.0766355,0.31475,-0.621079,-0.0766355,0.31475,-0.0759796,1.61765,-0.0447245,-0.681661,-0.0766355,0.202886,-0.681661,-0.0766355,0.202886,-0.0759796,1.61765,-0.0447245,-0.718967,-0.0766355,0.0815057,-0.718967,-0.0766355,0.0815057,-0.0759796,1.61765,-0.0447245,-0.731564,-0.0766355,-0.044725,-0.731564,-0.0766355,-0.044725,-0.0759796,1.61765,-0.0447245,-0.718967,-0.0766355,-0.170956,-0.718967,-0.0766355,-0.170956,-0.0759796,1.61765,-0.0447245,-0.68166,-0.0766356,-0.292336,-0.68166,-0.0766356,-0.292336,-0.0759796,1.61765,-0.0447245,-0.621078,-0.0766356,-0.4042,-0.621078,-0.0766356,-0.4042,-0.0759796,1.61765,-0.0447245,-0.539547,-0.0766356,-0.502249,-0.539547,-0.0766356,-0.502249,-0.0759796,1.61765,-0.0447245,-0.440202,-0.0766356,-0.582717,-0.440202,-0.0766356,-0.582717,-0.0759796,1.61765,-0.0447245,-0.32686,-0.0766356,-0.642509,-0.32686,-0.0766356,-0.642509,-0.0759796,1.61765,-0.0447245,-0.203877,-0.0766356,-0.679329,-0.203877,-0.0766356,-0.679329,-0.0759796,1.61765,-0.0447245,-0.0759796,-0.0766356,-0.691762,0.0519185,-0.0766355,0.58988,-0.718967,-0.0766355,0.0815057,0.567008,-0.0766355,-0.170955,0.567008,-0.0766355,-0.170955,-0.0759796,1.61765,-0.0447245,0.251813,0.770505,-0.0447245,0.251813,0.770505,-0.0447245,-0.0759796,1.61765,-0.0447245,0.567008,-0.0766355,0.0815062,0.469119,-0.0766355,0.31475,-0.0759796,1.61765,-0.0447245,0.155805,0.770505,0.184038,0.155805,0.770505,0.184038,-0.0759796,1.61765,-0.0447245,0.288244,-0.0766355,0.493267,-0.203877,-0.0766356,-0.679329,-0.0759796,-0.0766356,-0.691762,0.0519187,-0.0766356,-0.679329,0.0519187,-0.0766356,-0.679329,0.174902,-0.0766356,-0.642509,0.288244,-0.0766356,-0.582716,0.288244,-0.0766356,-0.582716,0.387589,-0.0766356,-0.502249,0.567008,-0.0766355,-0.170955,0.469119,-0.0766356,-0.404199,0.529702,-0.0766356,-0.292335,0.567008,-0.0766355,-0.170955,0.567008,-0.0766355,-0.170955,0.579605,-0.0766355,-0.0447245,0.567008,-0.0766355,0.0815062,0.567008,-0.0766355,0.0815062,0.529702,-0.0766355,0.202886,0.567008,-0.0766355,-0.170955,0.469119,-0.0766355,0.31475,0.387589,-0.0766355,0.4128,0.288244,-0.0766355,0.493267,0.288244,-0.0766355,0.493267,0.174902,-0.0766355,0.55306,0.0519185,-0.0766355,0.58988,0.0519185,-0.0766355,0.58988,-0.0759798,-0.0766355,0.602313,-0.203878,-0.0766355,0.58988,-0.203878,-0.0766355,0.58988,-0.326861,-0.0766355,0.55306,-0.440203,-0.0766355,0.493267,-0.440203,-0.0766355,0.493267,-0.539548,-0.0766355,0.4128,-0.621079,-0.0766355,0.31475,-0.621079,-0.0766355,0.31475,-0.681661,-0.0766355,0.202886,-0.718967,-0.0766355,0.0815057,-0.718967,-0.0766355,0.0815057,-0.731564,-0.0766355,-0.044725,-0.718967,-0.0766355,-0.170956,-0.718967,-0.0766355,-0.170956,-0.68166,-0.0766356,-0.292336,-0.718967,-0.0766355,0.0815057,-0.621078,-0.0766356,-0.4042,-0.539547,-0.0766356,-0.502249,-0.440202,-0.0766356,-0.582717,-0.440202,-0.0766356,-0.582717,-0.32686,-0.0766356,-0.642509,-0.203877,-0.0766356,-0.679329,0.387589,-0.0766356,-0.502249,0.469119,-0.0766356,-0.404199,0.567008,-0.0766355,-0.170955,0.567008,-0.0766355,-0.170955,0.529702,-0.0766355,0.202886,0.469119,-0.0766355,0.31475,0.469119,-0.0766355,0.31475,0.288244,-0.0766355,0.493267,0.567008,-0.0766355,-0.170955,0.0519185,-0.0766355,0.58988,-0.203878,-0.0766355,0.58988,-0.440203,-0.0766355,0.493267,-0.440203,-0.0766355,0.493267,-0.621079,-0.0766355,0.31475,-0.718967,-0.0766355,0.0815057,-0.718967,-0.0766355,0.0815057,-0.68166,-0.0766356,-0.292336,-0.621078,-0.0766356,-0.4042,-0.621078,-0.0766356,-0.4042,-0.440202,-0.0766356,-0.582717,-0.203877,-0.0766356,-0.679329,-0.203877,-0.0766356,-0.679329,0.288244,-0.0766356,-0.582716,0.567008,-0.0766355,-0.170955,0.567008,-0.0766355,-0.170955,0.288244,-0.0766355,0.493267,0.0519185,-0.0766355,0.58988,0.0519185,-0.0766355,0.58988,-0.440203,-0.0766355,0.493267,-0.718967,-0.0766355,0.0815057,-0.718967,-0.0766355,0.0815057,-0.621078,-0.0766356,-0.4042,-0.203877,-0.0766356,-0.679329,-0.203877,-0.0766356,-0.679329,0.567008,-0.0766355,-0.170955,-0.718967,-0.0766355,0.0815057]
            },
            "normal":{
                "itemSize":3,
                "type":"Float32Array",